{"Precision": [0.5334928035736084, 0.6301020383834839, 0.6717948913574219, 0.7146666646003723, 0.7312661409378052, 0.7454068064689636, 0.7834224700927734, 0.8169761300086975, 0.8392370343208313, 0.8498659729957581, 0.8852459192276001, 0.90625, 0.924369752407074, 0.9316239356994629, 0.9348441958427429, 0.9460227489471436, 0.9346590638160706, 0.9508670568466187, 0.9575070738792419, 0.9514285922050476, 0.9512894153594971, 0.9738371968269348, 0.9657142758369446, 0.9596541523933411, 0.9594202637672424, 0.9655172228813171, 0.9712643623352051, 0.9654178619384766, 0.9681159257888794, 0.9767441749572754, 0.9656160473823547, 0.9682996869087219, 0.9795321822166443, 0.9855072498321533, 0.9738371968269348, 0.97398841381073, 0.9681159257888794, 0.9912790656089783, 0.9825581312179565, 0.9682080745697021, 0.9797101616859436, 0.9826086759567261, 0.9912280440330505, 0.9855491518974304, 0.977011501789093, 0.9910979270935059, 0.991253674030304, 0.9882698059082031, 0.9825072884559631, 0.9883720874786377, 0.9855072498321533, 0.982758641242981, 0.9912790656089783, 0.9911242723464966, 0.9794721603393555, 0.9884393215179443, 0.9884058237075806, 0.9855072498321533, 0.991304337978363, 0.9855491518974304, 0.9941691160202026, 0.9970760345458984, 0.9912790656089783, 0.9912280440330505, 0.9912280440330505, 0.9912790656089783, 1.0, 0.991253674030304, 0.9941349029541016, 0.9884393215179443, 0.9855072498321533, 0.9912790656089783, 0.9883381724357605, 0.9826589822769165, 0.9913294911384583, 0.9912790656089783, 0.9941691160202026, 0.9912023544311523, 0.991304337978363, 0.9941860437393188, 1.0, 1.0, 0.9970760345458984, 0.9970930218696594, 0.9970674514770508, 0.9941349029541016, 0.9913294911384583, 1.0, 0.9970930218696594, 0.9912790656089783, 0.9941691160202026, 0.9970930218696594, 0.9970930218696594, 1.0, 0.9942029118537903, 1.0, 0.9941860437393188, 1.0, 1.0, 0.9941860437393188], "Recall": [0.6501457691192627, 0.7201166152954102, 0.7638484239578247, 0.7813411355018616, 0.8250728845596313, 0.82798832654953, 0.8542274236679077, 0.8979591727256775, 0.8979591727256775, 0.9241982698440552, 0.9446064233779907, 0.9300291538238525, 0.9620991349220276, 0.9533527493476868, 0.9620991349220276, 0.9708454608917236, 0.9591836929321289, 0.9591836929321289, 0.9854227304458618, 0.9708454608917236, 0.967930018901825, 0.9766764044761658, 0.9854227304458618, 0.9708454608917236, 0.9650145769119263, 0.9795918464660645, 0.9854227304458618, 0.9766764044761658, 0.9737609624862671, 0.9795918464660645, 0.9825072884559631, 0.9795918464660645, 0.9766764044761658, 0.991253674030304, 0.9766764044761658, 0.9825072884559631, 0.9737609624862671, 0.9941691160202026, 0.9854227304458618, 0.9766764044761658, 0.9854227304458618, 0.9883381724357605, 0.9883381724357605, 0.9941691160202026, 0.991253674030304, 0.9737609624862671, 0.991253674030304, 0.9825072884559631, 0.9825072884559631, 0.991253674030304, 0.991253674030304, 0.9970845580101013, 0.9941691160202026, 0.9766764044761658, 0.9737609624862671, 0.9970845580101013, 0.9941691160202026, 0.991253674030304, 0.9970845580101013, 0.9941691160202026, 0.9941691160202026, 0.9941691160202026, 0.9941691160202026, 0.9883381724357605, 0.9883381724357605, 0.9941691160202026, 0.9854227304458618, 0.991253674030304, 0.9883381724357605, 0.9970845580101013, 0.991253674030304, 0.9941691160202026, 0.9883381724357605, 0.991253674030304, 1.0, 0.9941691160202026, 0.9941691160202026, 0.9854227304458618, 0.9970845580101013, 0.9970845580101013, 0.9970845580101013, 0.9970845580101013, 0.9941691160202026, 1.0, 0.991253674030304, 0.9883381724357605, 1.0, 0.9825072884559631, 1.0, 0.9941691160202026, 0.9941691160202026, 1.0, 1.0, 1.0, 1.0, 1.0, 0.9970845580101013, 0.9970845580101013, 0.9970845580101013, 0.9970845580101013], "accuracy": [0.58984375, 0.6861979365348816, 0.7278645634651184, 0.7630208134651184, 0.7864583134651184, 0.796875, 0.8294270634651184, 0.8645833134651184, 0.8776041865348816, 0.8932291865348816, 0.9205729365348816, 0.92578125, 0.9479166865348816, 0.9479166865348816, 0.953125, 0.9622395634651184, 0.9518229365348816, 0.9596354365348816, 0.9739583134651184, 0.96484375, 0.9635416865348816, 0.9778645634651184, 0.9778645634651184, 0.96875, 0.9661458134651184, 0.9752604365348816, 0.98046875, 0.9739583134651184, 0.9739583134651184, 0.98046875, 0.9765625, 0.9765625, 0.98046875, 0.9895833134651184, 0.9778645634651184, 0.98046875, 0.9739583134651184, 0.9934895634651184, 0.9856770634651184, 0.9752604365348816, 0.984375, 0.9869791865348816, 0.9908854365348816, 0.9908854365348816, 0.9856770634651184, 0.984375, 0.9921875, 0.9869791865348816, 0.984375, 0.9908854365348816, 0.9895833134651184, 0.9908854365348816, 0.9934895634651184, 0.9856770634651184, 0.9791666865348816, 0.9934895634651184, 0.9921875, 0.9895833134651184, 0.9947916865348816, 0.9908854365348816, 0.9947916865348816, 0.99609375, 0.9934895634651184, 0.9908854365348816, 0.9908854365348816, 0.9934895634651184, 0.9934895634651184, 0.9921875, 0.9921875, 0.9934895634651184, 0.9895833134651184, 0.9934895634651184, 0.9895833134651184, 0.98828125, 0.99609375, 0.9934895634651184, 0.9947916865348816, 0.9895833134651184, 0.9947916865348816, 0.99609375, 0.9986979365348816, 0.9986979365348816, 0.99609375, 0.9986979365348816, 0.9947916865348816, 0.9921875, 0.99609375, 0.9921875, 0.9986979365348816, 0.9934895634651184, 0.9947916865348816, 0.9986979365348816, 0.9986979365348816, 1.0, 0.9973958134651184, 1.0, 0.99609375, 0.9986979365348816, 0.9986979365348816, 0.99609375], "loss": [0.6566516757011414, 0.6039414405822754, 0.5576958656311035, 0.5138733386993408, 0.4754154682159424, 0.4556572437286377, 0.40968334674835205, 0.3614192008972168, 0.3315434753894806, 0.287111759185791, 0.25487008690834045, 0.23517219722270966, 0.2102876901626587, 0.18523840606212616, 0.17531824111938477, 0.1533985733985901, 0.1462208479642868, 0.13282956182956696, 0.10784318298101425, 0.11194203048944473, 0.11610305309295654, 0.09755188971757889, 0.09007412940263748, 0.10099038481712341, 0.09613814204931259, 0.08574485033750534, 0.078676737844944, 0.08770634979009628, 0.07954084128141403, 0.06933499127626419, 0.0861208438873291, 0.06847646087408066, 0.07707854360342026, 0.0555105060338974, 0.06668632477521896, 0.06451374292373657, 0.07795950025320053, 0.04806793853640556, 0.05248754844069481, 0.07394658774137497, 0.05274456366896629, 0.047570690512657166, 0.04720839858055115, 0.036737505346536636, 0.04226861894130707, 0.04701579734683037, 0.04399464651942253, 0.04173916205763817, 0.049978286027908325, 0.03590194135904312, 0.03164881095290184, 0.03349936753511429, 0.032140545547008514, 0.03793152794241905, 0.04486612603068352, 0.030454887077212334, 0.03372933715581894, 0.03753769025206566, 0.02635159157216549, 0.030734209343791008, 0.024263368919491768, 0.022450832650065422, 0.02231954224407673, 0.026068849489092827, 0.027478033676743507, 0.02284219302237034, 0.028288712725043297, 0.02723020873963833, 0.023453153669834137, 0.020060474053025246, 0.02492472529411316, 0.034590017050504684, 0.030964864417910576, 0.02684767358005047, 0.01940680295228958, 0.02386072836816311, 0.022586191073060036, 0.027524834498763084, 0.01892290823161602, 0.020264649763703346, 0.014213128946721554, 0.015108279883861542, 0.014347291551530361, 0.015548616647720337, 0.017860474064946175, 0.025519603863358498, 0.014029085636138916, 0.024150198325514793, 0.015562486834824085, 0.01747073233127594, 0.01966841332614422, 0.013981110416352749, 0.012460082769393921, 0.011140177957713604, 0.014923923648893833, 0.011268709786236286, 0.011773266829550266, 0.011227325536310673, 0.011316605843603611, 0.012838630937039852],